word1:,word2:,word1_total:,word2_total:,delta_total:,shared_polarity:,word1_unique_polarity: ,word2_unique_polarity: ,num_shared: ,num_unqiue1: ,num_unique2: 
rich,wealthy,0.239583333,-0.25,0.489583333,,0.239583333,-0.25,0,12,1
cheap,inexpensive,-0.375,-0.25,-0.125,-0.25,-0.416666667,,1,3,0
slim,skinny,0.1875,0.25,-0.0625,,0.1875,0.25,0,2,4
arrogant,confident,0.125,-0.125,0.25,,0.125,-0.125,0,1,3
prideful,egotistic,0.1875,-0.25,0.4375,,0.1875,-0.25,0,2,2
pretty,beautiful,-0.0625,0.6875,-0.75,,-0.0625,0.6875,0,2,2
hot,attractive,0.05952381,0.416666667,-0.357142857,,0.05952381,0.416666667,0,21,3
childish,childlike,-0.375,0.4375,-0.8125,,-0.375,0.4375,0,1,2
stingy,frugal,-0.3125,-0.25,-0.0625,,-0.3125,-0.25,0,2,1
nosy,curious,-0.25,-0.083333333,-0.166666667,,-0.25,-0.083333333,0,1,3
lazy,relaxed,0,-0.625,0.625,,0,-0.625,0,2,1
bossy,assertive,0,0.375,-0.375,,0,0.375,0,1,1
naive,innocent,-0.025,0.107142857,-0.132142857,,-0.025,0.107142857,0,5,7
stubborn,determined,-0.6875,0,-0.6875,,-0.6875,0,0,2,5
aggressive,assertive,0.125,0.375,-0.25,,0.125,0.375,0,3,1
messy,casual,-0.875,-0.25,-0.625,,-0.875,-0.25,0,1,9
rude,direct,-0.05,0.05,-0.1,,-0.05,0.05,0,5,10
fat,overweight,0.325,0,0.325,,0.325,0,0,5,1
shy,introverted,0.083333333,0,0.083333333,,0.083333333,0,0,3,1
noble,royal,0.1875,0.125,0.0625,,0.1875,0.125,0,4,5
gold,golden,-0.0625,0.270833333,-0.333333333,-0.0625,,0.4375,2,0,4
thin,slender,-0.03125,0.15,-0.18125,0.125,-0.053571429,0.15625,1,7,4
old,elderly,0.09375,0.5,-0.40625,,0.09375,0.5,0,8,1
loud,outspoken,-0.083333333,0,-0.083333333,,-0.083333333,0,0,3,2
odd,unusual,-0.083333333,-0.041666667,-0.041666667,,-0.083333333,-0.041666667,0,6,3
impractical,idealistic,-0.5,0.3125,-0.8125,,-0.5,0.3125,0,2,2
timid,reserved,0.083333333,0.125,-0.041666667,,0.083333333,0.125,0,3,2
impulsive,spontaneous,-0.05,-0.1875,0.1375,,-0.05,-0.1875,0,5,2
task,job,0,-0.096153846,0.096153846,0,0,-0.104166667,1,1,12
error,mistake,-0.160714286,-0.291666667,0.130952381,-0.3125,-0.1,-0.25,2,5,1
vagrant,homeless,-0.625,-0.0625,-0.5625,,-0.625,-0.0625,0,1,2
lecturer,speaker,0,0,0,,0,0,0,2,3
lecture,speech,-0.083333333,-0.078125,-0.005208333,-0.25,0,-0.053571429,1,2,7
mentor,teacher,0.375,0.0625,0.3125,,0.375,0.0625,0,1,2
drink,beverage,0.05,0.25,-0.2,0.25,0,,1,4,0
noble,royal,0,0,0,,0,0,0,1,2
car,automobile,0,0,0,0,0,,1,4,0
book,novel,0,0,0,,0,0,0,11,2
liar,storyteller,-0.625,0,-0.625,,-0.625,0,0,1,2
thief,borrower,0,0,0,,0,0,0,1,1
bureaucrat,administrator,0,-0.125,0.125,,0,-0.125,0,1,3
fanatic,enthusiast,0,0.0625,-0.0625,,0,0.0625,0,1,2
criminal,offender,-0.25,0,-0.25,,-0.25,0,0,1,1
victim,survivor,-0.0625,-0.083333333,0.020833333,,-0.0625,-0.083333333,0,2,3
complaint,concern,-0.2,0,-0.2,,-0.2,0,0,5,5
scheme,plan,0.025,0,0.025,,0.025,0,0,5,3
stare,look,0.125,0.0375,0.0875,,0.125,0.0375,0,2,10
shout,yell,-0.25,0,-0.25,0,-0.333333333,0,1,3,1
murmur,mumble,0,-0.4375,0.4375,,0,-0.4375,0,2,2
weep,cry,-0.75,-0.160714286,-0.589285714,-0.75,,-0.0625,1,0,6
convince,persuade,0.125,0,0.125,,0.125,0,0,1,2
snoop,investigate,0,0,0,,0,0,0,1,2
nag,remind,-0.125,0,-0.125,,-0.125,0,0,3,2
brag,share,0,0.025,-0.025,,0,0.025,0,1,5
whine,complain,0,-0.25,0.25,,0,-0.25,0,4,2
manipulate,influence,-0.25,0,-0.25,,-0.25,0,0,6,3
interrogate,question,0,0.175,-0.175,0,0,0.21875,1,1,4
demand,request,-0.041666667,0.083333333,-0.125,,-0.041666667,0.083333333,0,6,3
mooch,borrow,0.5,0,0.5,,0.5,0,0,1,2
