word1,word2,pos
rich, wealthy, a
cheap, inexpensive, a
slim, skinny, a
arrogant, confident, a
prideful, egotistic, a
pretty, beautiful, a
hot, attractive, a
childish, childlike, a
stingy, frugal, a
nosy, curious, a
lazy, relaxed, a
bossy, assertive, a
naive, innocent, a
stubborn, determined, a
aggressive, assertive, a
messy, casual, a
rude, direct, a
fat, overweight, a
shy, introverted, a
noble, royal, a
gold, golden, a
thin, slender, a
old, elderly, a
loud, outspoken, a
odd, unusual, a
impractical, idealistic, a
timid, reserved, a
impulsive, spontaneous, a
task, job, n
error, mistake, n
vagrant, homeless, n
lecturer, speaker, n
lecture, speech, n
mentor, teacher, n
drink, beverage, n
noble, royal, n
car, automobile, n
book, novel, n
liar, storyteller, n
thief, borrower, n
bureaucrat, administrator, n
fanatic, enthusiast, n
criminal, offender, n
victim, survivor, n
complaint, concern, n
scheme, plan, n
glance, side-eye, v
stare, look, v
shout, yell, v
murmur, mumble, v
weep, cry, v
convince, persuade, v
snoop, investigate, v
nag, remind, v
brag, share, v
whine, complain, v
manipulate, influence, v
interrogate, question, v
demand, request, v
mooch, borrow, v
